Workbook

Sheet How to use
A1: G . H . O . S . T | PRIORITIZATION — HOW TO USE
A2: Score each game module 1–5 on every criterion, then model the highest Risk Scores first.
A4: THE SEVEN CRITERIA
A5: Code | B5: Criterion | C5: What it measures | D5: Weight
A6: PRI | B6: Business Priority | C6: Strategic and revenue importance | D6: 20%
A7: RPE | B7: Regulatory Exposure | C7: GDPR, COPPA, DSA, OSA obligations | D7: 15%
A8: UBC | B8: User-Base Coverage | C8: Proportion of users touching this surface | D8: 15%
A9: AGE-X | B9: Age-Group Exposure | C9: Risk to or from vulnerable populations | D9: 15%
A10: PP | B10: Propagation Potential | C10: Can threats spread to other surfaces? | D10: 15%
A11: FE | B11: Financial Exposure | C11: Direct monetary risk to users or platform | D11: 10%
A12: CIA | B12: CIA Impact | C12: Confidentiality, Integrity, Availability | D12: 10%
A14: SCORING SCALE (1–5)
A15: 1 | B15: Negligible — minimal relevance on this criterion.
A16: 2 | B16: Low.
A17: 3 | B17: Moderate.
A18: 4 | B18: High.
A19: 5 | B19: Critical — maximum relevance; a dominant driver.
A21: HOW TO APPLY
A22: 1. Score each game module 1–5 on every criterion in the Prioritization sheet.
A23: 2. The weighted formula computes a Risk Score automatically (1.00–5.00).
A24: 3. Sort the table by Risk Score, descending — the Summary tab does this for you.
A25: 4. Instrument and threat-model the top of the list first.
A26: 5. Weights are tunable: edit row 7 (must sum to 1.00). What matters is AGE-X is in the formula.
A28: THE SIX GHOST SURFACES (for the Surface column)
A29: User | B29: Where an individual actor directly interacts with the platform.
A30: Interaction | B30: How actors interact with each other — chat, conflict, collaboration.
A31: Environment | B31: The shared, persistent state all actors operate within.
A32: Value | B32: Economy, assets, transactions, entitlements, transferable worth.
A33: Content | B33: Everything created, uploaded, or published by users or the system.
A34: Operations | B34: Backend services and infrastructure — the technical substrate.

Sheet Prioritization
A1: G . H . O . S . T | P R I O R I T I Z A T I O N
A2: Deciding what to model first — Game Module Scoring
A3: A risk-scoring matrix for deciding which game modules to instrument and threat-model first. AGE-X adds user-population vulnerability as a first-class driver.
A5: Risk Score = (.20 × PRI) + (.15 × RPE) + (.15 × UBC) + (.15 × AGE-X) + (.15 × PP) + (.10 × FE) + (.10 × CIA)
A6: WEIGHTS ▸ | D6: PRI | E6: RPE | F6: UBC | G6: AGE-X | H6: PP | I6: FE | J6: CIA | K6: Σ
A7: Tunable per platform — must sum to 1.00 | D7: 0.2 | E7: 0.15 | F7: 0.15 | G7: 0.15 | H7: 0.15 | I7: 0.1 | J7: 0.1 | K7: =SUM(D7:J7) -> 1 | L7: =IF(ROUND(K7,4)=1,"✓ balanced","⚠ ≠ 1.00") -> ✓ balanced
A9: ID | B9: Game Module / Component | C9: GHOST Surface | D9: PRI | E9: RPE | F9: UBC | G9: AGE-X | H9: PP | I9: FE | J9: CIA | K9: Risk Score | L9: Rank | M9: Notes / Rationale
A10: M01 | B10: Authoritative Game Server | C10: Environment | D10: 5 | E10: 2 | F10: 5 | G10: 3 | H10: 5 | I10: 3 | J10: 5 | K10: =IF(COUNT(D10:J10)=0,"",ROUND(SUMPRODUCT(D10:J10,$D$7:$J$7),2)) -> 4.05 | L10: =IF(K10="","",RANK(K10,$K$10:$K$28)) -> 1 | M10: Server of record for all outcomes; broad blast radius. | O10: =IF(K10="","",RANK(K10,$K$10:$K$28)+COUNTIF($K$10:K10,K10)-1) -> 1
A11: M02 | B11: Matchmaking Service | C11: Environment | D11: 4 | E11: 2 | F11: 5 | G11: 3 | H11: 3 | I11: 2 | J11: 3 | K11: =IF(COUNT(D11:J11)=0,"",ROUND(SUMPRODUCT(D11:J11,$D$7:$J$7),2)) -> 3.25 | L11: =IF(K11="","",RANK(K11,$K$10:$K$28)) -> 10 | M11: Touches every session; abuse routes players together. | O11: =IF(K11="","",RANK(K11,$K$10:$K$28)+COUNTIF($K$10:K11,K11)-1) -> 10
A12: M03 | B12: In-Game Text Chat | C12: Interaction | D12: 3 | E12: 5 | F12: 5 | G12: 5 | H12: 3 | I12: 1 | J12: 2 | K12: =IF(COUNT(D12:J12)=0,"",ROUND(SUMPRODUCT(D12:J12,$D$7:$J$7),2)) -> 3.6 | L12: =IF(K12="","",RANK(K12,$K$10:$K$28)) -> 7 | M12: High regulatory + minor-safety exposure (DSA/OSA/COPPA). | O12: =IF(K12="","",RANK(K12,$K$10:$K$28)+COUNTIF($K$10:K12,K12)-1) -> 7
A13: M04 | B13: Voice Chat | C13: Interaction | D13: 3 | E13: 4 | F13: 4 | G13: 5 | H13: 2 | I13: 1 | J13: 2 | K13: =IF(COUNT(D13:J13)=0,"",ROUND(SUMPRODUCT(D13:J13,$D$7:$J$7),2)) -> 3.15 | L13: =IF(K13="","",RANK(K13,$K$10:$K$28)) -> 12 | M13: Hard-to-moderate channel reaching minors. | O13: =IF(K13="","",RANK(K13,$K$10:$K$28)+COUNTIF($K$10:K13,K13)-1) -> 12
A14: M05 | B14: Player Identity / Profile | C14: User | D14: 4 | E14: 5 | F14: 5 | G14: 4 | H14: 3 | I14: 2 | J14: 4 | K14: =IF(COUNT(D14:J14)=0,"",ROUND(SUMPRODUCT(D14:J14,$D$7:$J$7),2)) -> 3.95 | L14: =IF(K14="","",RANK(K14,$K$10:$K$28)) -> 3 | M14: PII + impersonation surface, near-universal reach. | O14: =IF(K14="","",RANK(K14,$K$10:$K$28)+COUNTIF($K$10:K14,K14)-1) -> 3
A15: M06 | B15: Trading / Marketplace | C15: Value | D15: 5 | E15: 3 | F15: 3 | G15: 2 | H15: 4 | I15: 5 | J15: 5 | K15: =IF(COUNT(D15:J15)=0,"",ROUND(SUMPRODUCT(D15:J15,$D$7:$J$7),2)) -> 3.8 | L15: =IF(K15="","",RANK(K15,$K$10:$K$28)) -> 6 | M15: Direct monetary risk; dupes propagate economy-wide. | O15: =IF(K15="","",RANK(K15,$K$10:$K$28)+COUNTIF($K$10:K15,K15)-1) -> 6
A16: M07 | B16: In-Game Store / Payments | C16: Value | D16: 5 | E16: 4 | F16: 4 | G16: 3 | H16: 2 | I16: 5 | J16: 5 | K16: =IF(COUNT(D16:J16)=0,"",ROUND(SUMPRODUCT(D16:J16,$D$7:$J$7),2)) -> 3.95 | L16: =IF(K16="","",RANK(K16,$K$10:$K$28)) -> 3 | M16: Real-money flow; payment + consumer-protection rules. | O16: =IF(K16="","",RANK(K16,$K$10:$K$28)+COUNTIF($K$10:K16,K16)-1) -> 4
A17: M08 | B17: Inventory / Economy Ledger | C17: Value | D17: 4 | E17: 2 | F17: 4 | G17: 2 | H17: 4 | I17: 5 | J17: 5 | K17: =IF(COUNT(D17:J17)=0,"",ROUND(SUMPRODUCT(D17:J17,$D$7:$J$7),2)) -> 3.6 | L17: =IF(K17="","",RANK(K17,$K$10:$K$28)) -> 7 | M17: Single source of value truth; duplication risk. | O17: =IF(K17="","",RANK(K17,$K$10:$K$28)+COUNTIF($K$10:K17,K17)-1) -> 8
A18: M09 | B18: Friends / Social Graph | C18: Interaction | D18: 2 | E18: 3 | F18: 4 | G18: 4 | H18: 3 | I18: 1 | J18: 2 | K18: =IF(COUNT(D18:J18)=0,"",ROUND(SUMPRODUCT(D18:J18,$D$7:$J$7),2)) -> 2.8 | L18: =IF(K18="","",RANK(K18,$K$10:$K$28)) -> 13 | M18: Vector for unsolicited contact with minors. | O18: =IF(K18="","",RANK(K18,$K$10:$K$28)+COUNTIF($K$10:K18,K18)-1) -> 13
A19: M10 | B19: Reporting & Moderation | C19: Operations | D19: 3 | E19: 5 | F19: 3 | G19: 5 | H19: 2 | I19: 1 | J19: 3 | K19: =IF(COUNT(D19:J19)=0,"",ROUND(SUMPRODUCT(D19:J19,$D$7:$J$7),2)) -> 3.25 | L19: =IF(K19="","",RANK(K19,$K$10:$K$28)) -> 10 | M19: Safety backbone; failure = unhandled harm. | O19: =IF(K19="","",RANK(K19,$K$10:$K$28)+COUNTIF($K$10:K19,K19)-1) -> 11
A20: M11 | B20: Leaderboards / Ranking | C20: User | D20: 2 | E20: 1 | F20: 3 | G20: 1 | H20: 2 | I20: 1 | J20: 2 | K20: =IF(COUNT(D20:J20)=0,"",ROUND(SUMPRODUCT(D20:J20,$D$7:$J$7),2)) -> 1.75 | L20: =IF(K20="","",RANK(K20,$K$10:$K$28)) -> 14 | M20: Lower stakes; mostly integrity of display. | O20: =IF(K20="","",RANK(K20,$K$10:$K$28)+COUNTIF($K$10:K20,K20)-1) -> 14
A21: M12 | B21: RNG / Loot-Box System | C21: Environment | D21: 4 | E21: 4 | F21: 4 | G21: 4 | H21: 3 | I21: 4 | J21: 4 | K21: =IF(COUNT(D21:J21)=0,"",ROUND(SUMPRODUCT(D21:J21,$D$7:$J$7),2)) -> 3.85 | L21: =IF(K21="","",RANK(K21,$K$10:$K$28)) -> 5 | M21: Gambling-adjacent; regulated and minor-sensitive. | O21: =IF(K21="","",RANK(K21,$K$10:$K$28)+COUNTIF($K$10:K21,K21)-1) -> 5
... A23: M14 | B23: User-Generated Content / Uploads | C23: Content | D23: 3 | E23: 5 | F23: 3 | G23: 5 | H23: 4 | I23: 1 | J23: 3 | K23: =IF(COUNT(D23:J23)=0,"",ROUND(SUMPRODUCT(D23:J23,$D$7:$J$7),2)) -> 3.55 | L23: =IF(K23="","",RANK(K23,$K$10:$K$28)) -> 9 | M23: Explicit-content gating; spreads across surfaces. | O23: =IF(K23="","",RANK(K23,$K$10:$K$28)+COUNTIF($K$10:K23,K23)-1) -> 9
K24: =IF(COUNT(D24:J24)=0,"",ROUND(SUMPRODUCT(D24:J24,$D$7:$J$7),2)) | L24: =IF(K24="","",RANK(K24,$K$10:$K$28)) | O24: =IF(K24="","",RANK(K24,$K$10:$K$28)+COUNTIF($K$10:K24,K24)-1)
K25: =IF(COUNT(D25:J25)=0,"",ROUND(SUMPRODUCT(D25:J25,$D$7:$J$7),2)) | L25: =IF(K25="","",RANK(K25,$K$10:$K$28)) | O25: =IF(K25="","",RANK(K25,$K$10:$K$28)+COUNTIF($K$10:K25,K25)-1)
K26: =IF(COUNT(D26:J26)=0,"",ROUND(SUMPRODUCT(D26:J26,$D$7:$J$7),2)) | L26: =IF(K26="","",RANK(K26,$K$10:$K$28)) | O26: =IF(K26="","",RANK(K26,$K$10:$K$28)+COUNTIF($K$10:K26,K26)-1)
K27: =IF(COUNT(D27:J27)=0,"",ROUND(SUMPRODUCT(D27:J27,$D$7:$J$7),2)) | L27: =IF(K27="","",RANK(K27,$K$10:$K$28)) | O27: =IF(K27="","",RANK(K27,$K$10:$K$28)+COUNTIF($K$10:K27,K27)-1)
K28: =IF(COUNT(D28:J28)=0,"",ROUND(SUMPRODUCT(D28:J28,$D$7:$J$7),2)) | L28: =IF(K28="","",RANK(K28,$K$10:$K$28)) | O28: =IF(K28="","",RANK(K28,$K$10:$K$28)+COUNTIF($K$10:K28,K28)-1)
A30: AGE-X — THE INTENTIONAL ADDITION
A31: Most risk-scoring matrices ignore who the users are. For platforms serving minors or at-risk players, treat Age-Group Exposure as a first-class risk driver — not an optional secondary concern.

Sheet Summary
A1: G . H . O . S . T | MODEL-FIRST ORDER
A2: Updates automatically from the Prioritization sheet. Top of the list = model first.
A4: RANKED MODULES (highest Risk Score first)
A5: Order | B5: Game Module | C5: Surface | D5: Risk Score
A6: 1 | B6: =IFERROR(INDEX(Prioritization!$B$10:$B$28,MATCH(1,Prioritization!$O$10:$O$28,0)),"") -> Authoritative Game Server | C6: =IFERROR(INDEX(Prioritization!$C$10:$C$28,MATCH(1,Prioritization!$O$10:$O$28,0)),"") -> Environment | D6: =IFERROR(INDEX(Prioritization!$K$10:$K$28,MATCH(1,Prioritization!$O$10:$O$28,0)),"") -> 4.05
A7: 2 | B7: =IFERROR(INDEX(Prioritization!$B$10:$B$28,MATCH(2,Prioritization!$O$10:$O$28,0)),"") -> Authentication / Login | C7: =IFERROR(INDEX(Prioritization!$C$10:$C$28,MATCH(2,Prioritization!$O$10:$O$28,0)),"") -> Operations | D7: =IFERROR(INDEX(Prioritization!$K$10:$K$28,MATCH(2,Prioritization!$O$10:$O$28,0)),"") -> 4.05
A8: 3 | B8: =IFERROR(INDEX(Prioritization!$B$10:$B$28,MATCH(3,Prioritization!$O$10:$O$28,0)),"") -> Player Identity / Profile | C8: =IFERROR(INDEX(Prioritization!$C$10:$C$28,MATCH(3,Prioritization!$O$10:$O$28,0)),"") -> User | D8: =IFERROR(INDEX(Prioritization!$K$10:$K$28,MATCH(3,Prioritization!$O$10:$O$28,0)),"") -> 3.95
A9: 4 | B9: =IFERROR(INDEX(Prioritization!$B$10:$B$28,MATCH(4,Prioritization!$O$10:$O$28,0)),"") -> In-Game Store / Payments | C9: =IFERROR(INDEX(Prioritization!$C$10:$C$28,MATCH(4,Prioritization!$O$10:$O$28,0)),"") -> Value | D9: =IFERROR(INDEX(Prioritization!$K$10:$K$28,MATCH(4,Prioritization!$O$10:$O$28,0)),"") -> 3.95
A10: 5 | B10: =IFERROR(INDEX(Prioritization!$B$10:$B$28,MATCH(5,Prioritization!$O$10:$O$28,0)),"") -> RNG / Loot-Box System | C10: =IFERROR(INDEX(Prioritization!$C$10:$C$28,MATCH(5,Prioritization!$O$10:$O$28,0)),"") -> Environment | D10: =IFERROR(INDEX(Prioritization!$K$10:$K$28,MATCH(5,Prioritization!$O$10:$O$28,0)),"") -> 3.85
A11: 6 | B11: =IFERROR(INDEX(Prioritization!$B$10:$B$28,MATCH(6,Prioritization!$O$10:$O$28,0)),"") -> Trading / Marketplace | C11: =IFERROR(INDEX(Prioritization!$C$10:$C$28,MATCH(6,Prioritization!$O$10:$O$28,0)),"") -> Value | D11: =IFERROR(INDEX(Prioritization!$K$10:$K$28,MATCH(6,Prioritization!$O$10:$O$28,0)),"") -> 3.8
A12: 7 | B12: =IFERROR(INDEX(Prioritization!$B$10:$B$28,MATCH(7,Prioritization!$O$10:$O$28,0)),"") -> In-Game Text Chat | C12: =IFERROR(INDEX(Prioritization!$C$10:$C$28,MATCH(7,Prioritization!$O$10:$O$28,0)),"") -> Interaction | D12: =IFERROR(INDEX(Prioritization!$K$10:$K$28,MATCH(7,Prioritization!$O$10:$O$28,0)),"") -> 3.6
A13: 8 | B13: =IFERROR(INDEX(Prioritization!$B$10:$B$28,MATCH(8,Prioritization!$O$10:$O$28,0)),"") -> Inventory / Economy Ledger | C13: =IFERROR(INDEX(Prioritization!$C$10:$C$28,MATCH(8,Prioritization!$O$10:$O$28,0)),"") -> Value | D13: =IFERROR(INDEX(Prioritization!$K$10:$K$28,MATCH(8,Prioritization!$O$10:$O$28,0)),"") -> 3.6
A14: 9 | B14: =IFERROR(INDEX(Prioritization!$B$10:$B$28,MATCH(9,Prioritization!$O$10:$O$28,0)),"") -> User-Generated Content / Uploads | C14: =IFERROR(INDEX(Prioritization!$C$10:$C$28,MATCH(9,Prioritization!$O$10:$O$28,0)),"") -> Content | D14: =IFERROR(INDEX(Prioritization!$K$10:$K$28,MATCH(9,Prioritization!$O$10:$O$28,0)),"") -> 3.55
A15: 10 | B15: =IFERROR(INDEX(Prioritization!$B$10:$B$28,MATCH(10,Prioritization!$O$10:$O$28,0)),"") -> Matchmaking Service | C15: =IFERROR(INDEX(Prioritization!$C$10:$C$28,MATCH(10,Prioritization!$O$10:$O$28,0)),"") -> Environment | D15: =IFERROR(INDEX(Prioritization!$K$10:$K$28,MATCH(10,Prioritization!$O$10:$O$28,0)),"") -> 3.25
A16: 11 | B16: =IFERROR(INDEX(Prioritization!$B$10:$B$28,MATCH(11,Prioritization!$O$10:$O$28,0)),"") -> Reporting & Moderation | C16: =IFERROR(INDEX(Prioritization!$C$10:$C$28,MATCH(11,Prioritization!$O$10:$O$28,0)),"") -> Operations | D16: =IFERROR(INDEX(Prioritization!$K$10:$K$28,MATCH(11,Prioritization!$O$10:$O$28,0)),"") -> 3.25
A17: 12 | B17: =IFERROR(INDEX(Prioritization!$B$10:$B$28,MATCH(12,Prioritization!$O$10:$O$28,0)),"") -> Voice Chat | C17: =IFERROR(INDEX(Prioritization!$C$10:$C$28,MATCH(12,Prioritization!$O$10:$O$28,0)),"") -> Interaction | D17: =IFERROR(INDEX(Prioritization!$K$10:$K$28,MATCH(12,Prioritization!$O$10:$O$28,0)),"") -> 3.15
A18: 13 | B18: =IFERROR(INDEX(Prioritization!$B$10:$B$28,MATCH(13,Prioritization!$O$10:$O$28,0)),"") -> Friends / Social Graph | C18: =IFERROR(INDEX(Prioritization!$C$10:$C$28,MATCH(13,Prioritization!$O$10:$O$28,0)),"") -> Interaction | D18: =IFERROR(INDEX(Prioritization!$K$10:$K$28,MATCH(13,Prioritization!$O$10:$O$28,0)),"") -> 2.8
A19: 14 | B19: =IFERROR(INDEX(Prioritization!$B$10:$B$28,MATCH(14,Prioritization!$O$10:$O$28,0)),"") -> Leaderboards / Ranking | C19: =IFERROR(INDEX(Prioritization!$C$10:$C$28,MATCH(14,Prioritization!$O$10:$O$28,0)),"") -> User | D19: =IFERROR(INDEX(Prioritization!$K$10:$K$28,MATCH(14,Prioritization!$O$10:$O$28,0)),"") -> 1.75
A21: SURFACE PROFILE
A22: GHOST Surface | B22: Modules | C22: Avg Risk Score
A23: User | B23: =COUNTIF(Prioritization!$C$10:$C$28,A23) -> 2 | C23: =IFERROR(AVERAGEIFS(Prioritization!$K$10:$K$28,Prioritization!$C$10:$C$28,A23),"") -> 2.85
A24: Interaction | B24: =COUNTIF(Prioritization!$C$10:$C$28,A24) -> 3 | C24: =IFERROR(AVERAGEIFS(Prioritization!$K$10:$K$28,Prioritization!$C$10:$C$28,A24),"") -> 3.1833333
A25: Environment | B25: =COUNTIF(Prioritization!$C$10:$C$28,A25) -> 3 | C25: =IFERROR(AVERAGEIFS(Prioritization!$K$10:$K$28,Prioritization!$C$10:$C$28,A25),"") -> 3.7166667
A26: Value | B26: =COUNTIF(Prioritization!$C$10:$C$28,A26) -> 3 | C26: =IFERROR(AVERAGEIFS(Prioritization!$K$10:$K$28,Prioritization!$C$10:$C$28,A26),"") -> 3.7833333
A27: Content | B27: =COUNTIF(Prioritization!$C$10:$C$28,A27) -> 1 | C27: =IFERROR(AVERAGEIFS(Prioritization!$K$10:$K$28,Prioritization!$C$10:$C$28,A27),"") -> 3.55
A28: Operations | B28: =COUNTIF(Prioritization!$C$10:$C$28,A28) -> 2 | C28: =IFERROR(AVERAGEIFS(Prioritization!$K$10:$K$28,Prioritization!$C$10:$C$28,A28),"") -> 3.65
